enola.bedard,
thecampisis,
sammysteads,
itsbrendas,
vansecoo,
_thescottfamily,
marriedwithflaws,
sterlingtorress,
hannan_abdallah,
philipandmskk,
occhiropractor,
alixandstephen,
nadineabdallah_,
codells,
joshnasar,
florina_toma,
elvinmensah,
semkavkvadrate,
latestlucas,
itschelsiedevillle,
younglawyer,
jadeemoniquee,
charlesandallie,
christina.and.the.dane,
letizia.melissa,
avemoves,
johnyonthestreet,
raynavallandingham,
makwaters,
biagiolazaric,
theblondebrewer,
annmarie.mm,
abdi_films,
inigal,
bronxsistas,
cassiilva,
itzslavik,
nianaguerrero,
sjbleau,
cadel_06,
rubyellahoodd,
rylenbesler,
chloekleiner,
imdunndrawing,
caricatureparty,
davidprinceofficial,
daniel.labelle,
gagirardi,
lilihayes,
itschachigonzales,
miichaelltran,
bethanneep,
sierraandtori,
jennifermika_,
calebnandrea,
kalilasorayaa,
ladbible,
lllanthony,
blissedhappiness,
spangerlookrey,
di1araa.s,
printographer1,
mirosh.raw,
lehim1_,
itspolokid,
somethingaboutchickens,
ejecutivoporelmundo,
steven_schapiro,
ninisha2002,
zairayzabelleee,
isntsaki,
gabbyridez,
linds.zx10r,
nessa.moto,
m0t0moe,
sukimarquez1,
parnisha.gg,
imxn.r7,
motomartini,
calvinstylzz,
kawasalii,
zx6riderr,
ferscarro,
amycatvaughan,
zx10rhunter,
nickand_sarah,
kawadvcki,
krispy.moto,
rex.havoc,
lamotogirl,
mikki.usa,
motosakii,
sister6spd,
tata.topuria,
bikerslife05,
jays_rides,
emilylylylyyyy,
tsumi11,
ally.yzf,
chaotic_vixenn,
samantha_long_,
ghost.racing,
tigressassassin,
motobreww,
outrunangels,
therealjordangrace,
heror1der,
alina.httxp,
shinobi_r7,
cruzingarage,
motolounge,
maddyalivia,
thes1kdemon,
_apeflex,
im_lobotomized,
irearmass,
berkleyx6,
kawa_mahalia,
mini.moto_,
thatgirl_shannon_,
2wheelssammy,
megaamerican,
clutch.cj,
gainsbygoose,
blossom.sti,
kaari.ne,
inkycello,
princesspista,
_gabrijele,
slo.r1m,
motophie,
linusw.dng,
yours.truely18,
sophie.balas,
ashura.gslx,
grace.vank_,
baz.motorsport,
pdotcbr,
bluwu.bike,
ziddyxann,
chalina.l,
2wheelsnoclue,
sarahrides__,
nameskev,
tonya_fl_zx6r,
maggieboodles,
marevmoto,
zolvxy,
zx6rxander,
jjuliabuck,
nesstte,
m_1ch3113,
gracie_ridez,
cinemoto999,
ninjanick400,
megans_humor,
leilalexander13,
pierceknight,
kawa.kayy,
alondra116,
alifakbar_4,
motoloot,
neekrides,
kawabaddie,
convaxxx,
thatzookoorider,
thatsduski,
celestial.planets,
theunchartedlands,
no.context.posts,
morgath_,
zx6rebecca,
cliffy_jr,
4ft10rider,
erinnn_eek,
motojewelz,
alfa.kate,
lilith_darko,
beginsisters_official,
lov3lychick,
minioath,
dreadful,
quietlyretired,
sunnys1k.rr,
kaitlyn.rides,
arixmoto,
yo.revzz,
ittybittymaee,
ghostridr3,
kinziwinzi1,
rikka.ext,
lilyshuttt,
lov3lygaming,
britaindentetomlin,
kawasakihorror,
vroomiezoomies,
itsbikerhub,
sarah.lezito,
cristinaavalosclarii_rr,
abbygt_25,
nikkiloves02,
kawikait,
_natalie_r3,
kwikasfaki636,
kawi.lexi,
amburr.lv,
ninja_zoomies,
carinafinaaa,
throttle.love,
faithfullthrottle,
kawi_kgs,
throttlethott,
stellr_6and7,
lexi_lightning8,
morganjay,
kawi_kurayami_,
iizzy.riizzy,
itspeki_,
keithcosmic,
33rizz33,
etvertzz,
rick_rides4,
madename_,
duca_blondie,
ky.ridez,
eat.our.exhaust,
z34bae,
eedy_r1,
kawasakimami,
mareike.r7,
r3vval,
mochimoto_,
moonlit.moto,
kays.yamaha,
oliviaraquel7,
revenant.r1,
bike.queen58,
soggyfurby,
kneecolay.rides,
cbmeow,
earthrootink,
ducatibarbie,
annabelle.hcf,
asuka.450ss,
valkyriether1,
happizooms,
brotherkmagic,
cheye.111,
keeemjane,
nhinjazx.r6,
jessical.13,
kawaniki,
namlessninja,
biker_rizzz,
balkandoll,
blondiemotovlogs,
mellow.f4i,
hbkavaaa,
kawaiiseko10r,
spvn.x,
636.hush,
yzfspades,
gd_video0,
coastie27,
mimiwheeli,
ev.ixe,
motomonet,
chivalrymar,
sr4n2,
agari.yzf,
motogetta,
moto.backpack,
ak...r7,
cruisinchick,
lau_rides,
elvira.r.seven,
efmotovlogg,
lesexxa,
cat.rides,
bikerlife_,
_helen.sophie_,
black.niinjaa,
njoy_bike,
bikergirlnabi,
slowisaki,
tareqsharabi,
motoxjayy,
cu.r.l3,
a.carr1,
r7krystal,
morgsrides,
tom.uch_,
i.gotnoface,
annaxbaker04,
r6.c63,
axrides,
roxie_thebike,
ice_roll_zp,
pete.r1rn12,
oneburntsa,
evemoto,
khimshiashvilinin,
chaletxrsg,
motoleecbr,
flarethekid,
bike.barbie,
karpi.rides,
moto_grxce,
lightweaverart,
moto.sprite,
meelissayl,
ningningduka,
sophia.ridez,
cindrov,
bikebaddiemaddie,
sooky_scorpio2,
mandymoto82,
motogriim,
hidayakhaterr,
livtymowicz,
hotlineeon,
celly.636,
kaitfionaaa,
s.habibtii,
osamadiabofficial1,
cbrskii,
katiebiker,
xisminix,
__xetira,
fkn.mell,
motosharky_,
law_ya,
nova_elena_acc,
n1njati,
nxnnerz,
arnajakzx6r,
cbrminaaa,
andeng.mariee,
dja_165,
aqua_rius_life,
itzyelii_,
kp.kawi,
gabe.r1k,
ltfury675,
v1xenvelocity,
jessejankulovski,
whos._.636,
spunkyers,
rylivea,
brooklyn.liftss,
thoughtaken,
kaylacantride,
justjeeya_,
growingupwithem,
josiejenningss,
jam3scapil,
alea.zx6r,
jasnxo_,
ghxst.s1k,
l_ex500,
